play,n
checkers,n
big,adj
drum,n
horse,n
who,pro:int
that,pro:dem
is,cop
those,pro:dem
are,cop
two,det:num
check,n
shall,mod
yes,co
I,pro:sub
help,v
you,pro:per
rig,n
horn,n
yeah,co
choo+choo,
train,n
yep,co
there,adv
water,n
right,adv
alright,co
look,co
tv,n
Jack,n:prop
part,n
Jill,n:prop
come,v
and,coord
take,v
get,v
suitcase,n
over,adv
Mommy,n:prop
want,v
to,inf
it,pro:per
to,prep
Ursula,n:prop
nickel,n
here,adv
Urler,chi
oh,co
thank_you,n
don't,mod
shadow,n
Adam,n:prop
foot,n
sounded,part
like,co
what,pro:int
did,mod
say,v
funny,adj
put,v
book,n
dirt,n
sit,v
up,adv
read,v
see,v
bear,n
ups_a_daisy,co
dropped,v
marching,n:gerund
your,det:poss
shoe,n
go,v
marching,part
where,adv:int
all,qn
the,det:art
children,n
Shadow,n:prop
are,aux
sitting,part
in,prep
their,det:poss
xxx,
chair,n
that's,pro:dem
tape,n
drop,n
bean,n
string,n
those,det:dem
no,co
he,pro:sub
checker,n
ate,v
his,det:poss
dinner,n
on,prep
this,pro:dem
what's,pro:int
table,n
last,adv
night,n
a,det:art
screw,n
some,qn
beans,n
do,mod
all,adv
Papa,n:prop
set,n
play,v
with,prep
them,pro:obj
Ursula's,n:prop
bunny+rabbit,
got,v
top,n
did,v
like,prep
like,conj
hm,co
Bambi,n:prop
like,v
we,pro:sub
deer,n
leave,v
looks,cop
down,adv
so,co
hurry,n
my,det:poss
will,mod
be,cop
running,part
out_of,prep
okay,co
way,n
rabbit,n
be,aux
out,prep
why,adv:int
whose,pro:rel
yourself,pro:refl
not,neg
Mr,n:prop
Bear,n:prop
picked,v
up,prep
too_man,chi
nails,n
just,adv
carried,v
spaghetti,n
of,prep
back,adv
machine,n
woods,n
name,n
terribly,adv
small,adj
no,qn
for,prep
happens,v
ride,v
stick,v
Monroe,n:prop
if,conj
he's,pro:sub
careful,co
well,co
find,v
they,pro:sub
Mott,n:prop
him,pro:obj
apple,n
that,pro:rel
juice,n
does,mod
is,aux
dancing,part
huh,co
dog,n
look,v
bit,v
touch,v
at,prep
me,pro:obj
then,adv:tem
hot,adj
tractor,n
toys,n
it's,pro:per
dog,v
basket,n
won't,mod
bitten,part
burn,v
nineteen,det:num
twelve,det:num
now,adv
pencil,n
paper,n
need,v
one,pro:indef
glove,n
they're,pro:sub
books,n
ball,n
have,v
penny,n
Cromer,n:prop
happen,v
where,pro:rel
from,prep
Daddy,
recorder,n
happened,v
Daddy,n:prop
piece,n
who's,pro:int
track,n
pocket,v
pick,v
three,det:num
whistle,n
can,mod
can't,mod
pocket,n
its,det:poss
together,adv
poor,adj
d,n:let
nine,det:num
ten,det:num
mouth,n
other,qn
four,det:num
she,pro:sub
needs,v
her,det:poss
let,v
eight,det:num
eleven,det:num
hit,v
fourteen,det:num
hole,n
cowboy,
wall,n
floor,n
you'll,pro:per
have_to,mod:aux
what,det:int
license,n
mine,pro:poss
number,v
makes,v
one,det:num
alright,adj
whistle,v
rug,n
pipe,n
pad,n
yours,pro:poss
hit,n
Mommy's,n:prop
hi,co
record,n
yellow,n
there's,pro:exist
shell,n
button,n
off,adv
tiger,n
end,n
lion,n
mhm,co
doing,part
hungry,adj
checking,part
clock,n
story,n
doing,n:gerund
ta,inf
watch,n
bath,n
Saggy,n:prop
Catherine,n:prop
Baggy,n:prop
Elephant,n:prop
make,v
noise,n
give,v
under,prep
going,part
I'm,pro:sub
write,v
afraid,adj
jelly,n
that's,pro:rel
might,mod
you're,pro:per
Colin,n:prop
get,aux
ask,v
stuck,part
about,prep
think,v
know,v
perhaps,adv
pictures,n
bye,co
school,n
later,adv
draw,v
again,adv
blow,v
Perro,n:prop
Mickey_Mouse,n:prop
pop,n
into,prep
using,part
dear,co
right,n
car,n
on,adv
hand,v
pen,n
drawing,n
morning,n
carry,v
buffalo,n
doggie,n
b,n:let
window,n
sill,n
hand,n
a,n:let
o,n:let
very,adv
pretty,adv
this,det:dem
pretty,adj
too_too,on
kangaroo,n
side,n
haha,co
mine,n
that,det:dem
red,adj
circus,n
tell,v
truck,n
who,pro:rel
yellow,adj
another,qn
had,v
cow,n
screwdriver,
baby,n
pig,n
Adam's,n:prop
drop,v
something,pro:indef
train,v
handle,n
taper,chi
knock,v
wite,chi
piece,v
boots,v
good,adj
next,adv
wash,n
how,adv:int
please,co
many,qn
hurt,v
knee,n
thought,v
were,aux
kind,n
these,pro:dem
her,pro:obj
next_to,prep
was,cop
coming,part
Cathy,n:prop
out,adv
walking,n:gerund
for,conj
maybe,adv
so,adv
ow,co
didn't,mod
diesel,n
locomotive,n
house,n
walking,part
moo,v
green,adj
step,n
box,n
green,n
fix,v
build,v
motor,n
step,v
too,post
an,det:art
baggage,n
open,adj
animal,n
screws,n
open,v
firetruck,
game,n
do,v
streamlined,part
purpose,n
show,n
coach,n
fall,n
doesn't,mod
streamline,v
Alvin,n:prop
sleeping,part
cup,n
Ursula,
busy,adj
yyy,
bulldozer,n
which,pro:rel
walk,n
cork,n
dining,part
street,n
light,n
modern,adj
sting,n
steam,n
getting,part
looks,v
ears,n
more,pro:indef
letter,n
made,v
f,n:let
taking,part
electric,adj
finished,part
awoh,co
looking,part
finished,v
beetle,n
saggy,adj
switcher,n
baggy,adj
elephant,n
rotary,adj
beetles,n
snow,n
plow,n
does,v
tickle,n
color,n
ear,n
flat,adj
show,v
lost,v
piggie,n
red,n
mail,n
white,adj
face,n
or,coord
hop,n
tank,n
grapefruit,
who's,pro:rel
Perry,n:prop
around,adv
well,n
slip,v
turn,n
caboose,n
sweep,n
broom,n
turn,v
so,conj
grandfather,n
pencils,n
broken,part
caught,v
puppy,n
gave,v
went,v
yesterday,adv:tem
crying,part
dripping,part
man,n
kitty,n
grocery,n
down,prep
store,n
round,adv
heavy,adj
Ursla,n:prop
brush,n
egg,n
spank,v
seal,n
little,adj
eat,v
seed,n
move,n
candy,n
really,adv
brush,v
goes,v
move,v
else,post
Bunny_Rabbit,n:prop
ice+cream,
writing,n:gerund
jack+o+lantern,
writing,part
strong,adj
Smith,n:prop
faster,adj
eating,n:gerund
am,aux
keep,v
as,prep
somebody,pro:indef
pennies,n
mine's,n
lemon,n
washer,n
cold,n
bunny+rabbit's,
road,n
before,conj
wet,part
page,n
animals,n
talk,n
tunnel,n
just,adj
snowing,part
airplane,n
leave,n
eating,part
bench,n
hear,v
but,conj
off,prep
bed,n
may,mod
bit,n
penguin,n
tear,v
said,v
outside,adv
could,mod
last,adj
glue,n
wouldn't,mod
what,
much,adv
bigger,adj
is,
thank_you,co
you'd,pro:per
than,prep
forgotten,part
Momma,n:prop
in,adv
cap,n
hahaha,n
I'd,pro:sub
pocketbook,
rather,adv
Christmas,n:prop
hoho,co
remember,v
potato,n
ho,co
knock,n
place,n
back,n
tiny,adj
was,aux
called,part
careful,adj
call,n
anything,pro:indef
zoo,n
seen,part
everything,pro:indef
tatoo,n
miss,n
sat,v
parrot,n
playing,part
been,aux
turkey,n
picture,n
before,adv
pine,n
practicing,part
gone,part
booking,chi
saw,v
belongs,v
pie,n
started,part
being,n
particular,adj
about,adv
saying,part
driving,part
tricycle,n
pull,v
Pluto,n:prop
roadgrader,n
sorry,co
excuse,n
men,n
turning,part
lamb,n
tease,n
wasn't,cop
turned,v
boo+boo,
properly,adv
baa,on
refrigerator,n
too,adv
punching,part
says,v
mean,v
came,v
there,pro:exist
teasing,part
fall,v
excuse,v
sardines,n
sardine,n
teaching,part
uhhuh,co
hammer,n
peekaboo,v
tease,v
push,v
sarbaby,wplay
stop,n
push,n
Cromer's,n:prop
wants,v
she'll,pro:sub
broke,v
let's,v
bite,v
pinwheel,
silly,co
mustn't,mod
peekaboo,co
home,n
boo,co
blow,n
nose,n
one's,pro:indef
when,conj
large,n
jack+in+the+box,
boy,n
tow,n
pinwheels,
balls,n
guess,v
pin,n
block,n
squeak,v
don't,
going,n:gerund
lunch,n
toy,n
fire,n
hydrant,n
well,adv
miss,v
time,v
light,adj
too_too,chi
isn't,cop
shoes,n
either,adv
pretend,adj
sandwich,n
trash,n
flower,n
ding+dong,
bell,n
lots_of,qn
boot,n
pushing,part
Bozo,n:prop
boots,n
squeak,n
door,n
broke,adj
drink,v
milk,v
honey,n
derrick,n
t,n:let
squeeze,v
tired,part
Mama,n:prop
coffee,n
fit,v
can,n
own,adj
needle,n
opener,adj
tired,v
fits,v
horses,n
crane,n
want,
Chatter,n:prop
bag,n
some,
oh_my_goodness,co
matter,v
meow,on
early,adv
matter,n
over,prep
tools,n
look,cop
work,v
nose,v
doughnut,n
Tony,n:prop
corral,n
bring,v
today,adv:tem
old,adj
time,n
Jesus,n:prop
fell,v
board,n
pail,n
brought,v
doughnuts,n
sorry,adj
sun,n
ticklish,adj
new,adj
word,n
sky,n
reel,n
has,v
walk,v
Butch,n:prop
figure,v
ready,v
right,adj
microphone,n
opened,v
tracks,n
switch,n
Humpty,n:prop
sitting,n:gerund
briefcase,n
Dumpty,n:prop
l,n:let
fight,v
Humpty_Dumpty,n:prop
tricks,n
hat,n
around,prep
trick,n
cheek,n
down,n
rattle,n
trains,n
Bozo's,n:prop
spanked,v
finger,n
Humpty_Dumpty's,n:prop
way,adv
mouth,meta
candle,n
brushing,part
air,n
first,adv
plays,v
baby's,n
bow,n
stick,n
hold,v
arrow,n
clown,n
would,mod
we'll,pro:sub
awfully,adv
smart,adj
under,adv
map,n
Butch's,n:prop
tricks,v
boot,v
bike,n
all_gone,co
tongue,n
building,n
laughing,part
goodbye,co
Texaco,n:prop
star,n
buy,n
milk,n
opener,n
Rusty,n:prop
throw,v
sword,n
remember,co
learn,v
stars,n
rode,v
belong,v
cane,n
head,n
Scotch,n:prop
Humptyz_Dumpty,n:prop
self,n
fishing,part
rod,n
Rusty's,n:prop
ride,n
take,meta
cider,n
press,v
taxi,n
pressing,part
looking,n:gerund
blue,n
cut,v
blue,adj
corn,n
kick,v
rocks,n
people,n
tippy+toes,
squeeze,n
rock,n
tail,n
hard,adv
fish,n
Chicken_Little,n:prop
horse's,n
TRUE,adj
shame,v
shame,n
rattles,n
talk,v
baseball,n
first,adj
pumpkin,n
stuck,v
rope,n
nail,n
Popeye,n:prop
nice,adj
bite,n
watch,v
outside,n
zip,v
doggie's,n
change,n
diaper,n
m,n:let
change,v
zipper,v
stepped,part
you've,pro:per
never,adv
set,v
kitty's,n
close,v
Perro's,n:prop
dirty,adj
neck,n
fright,n
tippy+toe,
night_night,co
always,adv
leaves,v
spider,n
he'd,pro:sub
sticks,v
spider,meta
records,n
Pembroke,n:prop
spelling,part
wait,v
minute,n
muffin,n
shovel,n
already,adv
chocolate,n
put,part
magazine,n
excused,part
spill,v
kitto,wplay
wear,v
fight,n
where's,adv:int
fighting,part
managed,v
pot,n
kitten,n
live,adj
manage,v
color,v
sir,n
yet,adv
dump,n
spills,v
even,v
warm,adj
Tuffy,n:prop
circle,n
o'clock,n
it,
okay,adj
wanted,v
crop,v
having,part
feet,n
trucks,n
more,qn
sugar,n
shiny,adj
belt,n
coat,n
buy,v
top,adj
drink,n
hang,v
belt,v
do,
shopping,part
my,co
bird,n
hopping,part
by,prep
Missouri,n:prop
jump,
jump,n
ladder,n
rocking,part
fit,part
back,adj
corner,n
squirrel,n
napkins,n
giving,part
here's,pro:exist
cranberry,n
label,n
cranberry,meta
holler,v
paste,v
anymore,adv
squirrels,n
song,n
ropes,n
see,co
birdie,n
roller,n
stand,v
were,cop
spell,v
pink,adj
some,pro:indef
try,v
as,adv
racket,n
rocket,n
shoot,co
beside,prep
moon,n
toes,n
writes,v
clips,n
wears,v
making,part
hurts,v
stay,n
Shadow_Gay,n:prop
seat,n
scissors,n
Donald_Duck,n:prop
safety,n
trailer,n
bringing,part
woof,on
name,v
plugs,n
won,v
orange,adj
orange,n
Kentucky,n:prop
Derby,n:prop
I,
Donz_Duck,n:prop
bumble,v
tree,n
cords,n
beat,n
heard,v
wheel,n
have,
cut,n
cord,n
Donald,n:prop
c,n:let
Duck,n:prop
wheels,n
pillow,n
use,v
bee,n
spur,n
Pinocchio,n:prop
I'll,pro:sub
hello,co
sleep,n
beat,v
hello,n
talking,part
plug,n
setting,part
ready,adj
Pinnochio,n:prop
means,v
use,n
iss,chi
fun,n
sinking,part
horsie,n
um,
aren't,aux
suit,n
slowly,adv
ashamed,adj
chipmunks,n
Captain,n:prop
wagon,n
sweet,adj
break,v
Bob,
Bob,n:prop
sea,n
dipping,n:gerund
bus,n
vat,n
dipping,part
pajamas,n
putting,part
blocks,n
ever,adv
thread,n
shaped,part
deep,n
hunm,co
dark,n
where's,pro:rel
purple,adj
oop,chi
watching,part
shake,n
hands,v
fine,n
fine,adv
what're,pro:int
go,
better,adj
matches,v
shouldn't,mod
keys,n
nothing,pro:indef
somewhere,adv
grass,n
without,prep
matches,n
before,prep
puzzle,n
supper,n
either,coord
dig,v
kitties,n
cowboy's,
key,n
tickling,part
kissing,part
Daddy's,n:prop
myself,pro:refl
test,n
inside,adv
lucky,adj
sleep,v
dinosaur,n
because,conj
lap,n
anyplace,adv
I've,pro:sub
heard,part
flew,v
daisy,n
any,qn
likes,v
radio,n
players,n
program,n
espresso,n
surprise,adj
knocked,v
play,
momma,n
slipper,n
hop,v
painting,part
sand,n
mommy,n
brown,v
wrote,v
bunny,n
surprise,n
player,n
hanger,n
boat,n
caught,
holes,n
catch,v
mommy's,n
my,
hangers,n
five,det:num
six,det:num
drinking,part
seven,det:num
notebook,n
goat,n
spurs,n
wipe,n
spoon,n
nobody,pro:indef
cake,n
brief,adj
case,n
jeep,n
giraffe,n
mosquito,n
spilled,v
spoon,v
raining,part
beaver,n
hands,n
beavers,n
drinks,n
in,
brown,adj
couch,n
napkin,n
neither,coord
shampoo,n
u,n:let
p,n:let
pinch,v
shampoo,v
eats,v
dressing,part
quiet,n
salad,n
clippers,n
gonna,mod:aux
raining,n:gerund
inside,adj
wait,co
wing,n
missed,v
roping,n:gerund
world,n
got,part
minutes,n
Easter,n:prop
thing,n
get,
got,
fly,n
simply,adv
desk,n
apart,adv
e,n:let
bok,chi
stop,v
squashed,part
hanging,part
shining,part
squ,
pounce,v
sun's,n
has,aux
wings,n
kittens,n
jeans,n
gas,v
photograph,n
exercise,n
cloudy,adj
Greenjeans,n:prop
all_gone,adj
found,v
bucket,n
opens,v
number,n
sizing,part
day,n
airport,n
enough,adj
exercising,part
thank,v
remembering,part
week,n
all,pro:indef
welcome,adj
sudden,n
Adams,n:prop
drawing,part
sun,v
picking,part
hey,co
purple,n
mailing,part
size,n
fireman,
got,aux
news,n
tickled,part
our,det:poss
steps,n
reach,n
pieces,n
no,
Thursday,n:prop
fuse,n
sock,n
soup,n
Jiminy,n:prop
Cricket,n:prop
healthy,adj
after,prep
screws,v
work,n
na,bab
take,
reach,v
purse,n
brother,n
momma's,n
more,adv
that's,
touching,part
more,
elbow,n
milk,
coffee,
push,
moving,part
oop,co
van,n
power,n
glass,n
right,co
ginger,n
a,
ale,n
arm,n
tickled,v
gun,n
achoo,on
gasoline,n
much,qn
pen,v
tugboat,n
games,n
fellow,adj
metal,n
fellow,n
plays,n
all,post
qua,
works,v
shoot,n
loud,adj
mean,adj
Wheaties,n:prop
stepping,n:gerund
us,pro:obj
parts,n
soxy,chi
sure,adj
soxer,chi
sure,
boy's,n
long,adj
dollars,n
part,adj
duck,n
chalk,n
buckets,n
Joshua,n:prop
tick,n
shirt,n
tick+tock,
goose,n
riding,n:gerund
soccer,n
screw,v
near,prep
wind,v
ahhah,co
Joshua's,n:prop
Captain_Kangaroo,n:prop
riding,part
unicycle,n
welcome,n
from,
getting,n:gerund
Pablo,n:prop
wee_wee,on
Picasso,n:prop
high,n
still,adv
waving,part
Rin_tin_tin,n:prop
Joey,n:prop
Paul,n:prop
enough,adv
blocks,v
cry,v
trying,part
been,cop
waiting,n:gerund
send,v
fold,v
ouch,n
windmill,n
pliers,n
pliers,n:pt
she's,pro:sub
roses,n
coffee's,n
waiting,part
against,adv
stirs,v
fun,adj
card,n
truck's,n
pillows,n
peoples,n
list,n
chimney,n
another,pro:indef
almost,adv
fun,
clowns,n
still,adj
getting,
comfortably,adv
missing,part
pies,n
something's,pro:indef
wrote,
while,n
kids,v
out,
bucket's,n
fork,n
factory,n
dumping,n:gerund
listen,v
pony,n
shell,v
should,mod
dumping,part
tomorrow,adv:tem
pony's,n
uses,v
tie,n
exercising,n:gerund
cranberries,n
paint,n
plums,n
newspaper,n
Cecile,n:prop
plum,n
hitting,part
markings,n:gerund
exercises,n
tie,v
seal,n:prop
that,
yes,
spell,
spell,n
say,
knees,n
busses,n
spells,n
you,
to,
tummy,n
rubberband,
shovel,v
let,
must,mod
fine,adj
pumping,part
pants,n:pt
pom,on
slippery,adj
everybody,pro:indef
sidewalk,n
filing,part
probably,adv
stir,v
flag,n
stopped,v
things,n
nope,co
cries,v
being,n:gerund
tick,v
mirror,n
sox,chi
Saturday,n:prop
felt,n
stirred,part
Robin,n:prop
even,adv
away,adv
feels,v
paws,n
be,
saucer,n
rubber,n
spilled,part
Cambridge,n:prop
downstairs,adv
whole,adj
leopard,n
plugged,v
cooking,part
being,aux
boxer,n
live,v
cookie,n
wood,n
wrong,adj
springs,n
dirty,v
dishes,n
balloon,n
trail,n
wound,v
wowie,co
sing,v
left,v
tires,n
whoops,co
sint,chi
paint,v
going,
sag,v
clock,v
standing,part
comes,v
ouch,co
sharp,adj
garage,n
roll,v
Adam,
buildings,n
em,pro:obj
sound,v
since,conj
fingers,n
exercise,v
has_to,mod:aux
Boston,n:prop
University,n:prop
himself,pro:refl
towel,n
opened,part
ramp,n
shower,n
hit,part
postman,
Robie,n:prop
towels,v
Robie's,n:prop
exercise,
we're,pro:sub
tootoot,on
set,part
post,n
purse,v
supposed,v
fifty,det:num
Ma,n:prop
porcupine,n
they've,pro:sub
beep,on
glove,v
Trowbridge,n:prop
close,adj
office,n
friend,n
camera,n
gently,adv
let,part
cone,n
band,n
boy,co
where're,adv:int
tape,
recorder,
grandmother,n
hippopotamus,n
drive,n
rolling,part
panda,n
cardy,chi
espressos,n
hole,v
ship,n
drinks,v
mitten,n
mittens,n
lollipop,n
feed,v
polar,adj
file,n
cook,n
mixing,part
mailman,
Eric,n:prop
stay,cop
Michael,n:prop
scares,n
raisins,n
macaroni,n
cheese,n
ships,n
wee,adj
same,adj
rodeo,n
ice,n
breakfast,n
surprise,v
bring,
U,n:prop
raisin,
chew,v
gas,n
living,part
raisin,n
room,n
hard,adj
wake,v
advertisement,n
copy,n
cat,n
took,v
meat,n
rough,v
eating,
castle,n
blast,n
say,co
oink,on
pats,v
carefully,adv
understand,v
typewriter,
through,adv
blast,v
round,n
least,n
real,adj
film,v
anyway,adv
uhuh,co
gum,n
everywhere,n
anybody,pro:indef
chewing,part
they'd,pro:sub
fallen,part
cigarette,n
comb,n
blower,n
pretend,v
eaten,part
taste,v
enough,
sticky,n
yum,n
welcome,v
yum,co
start,v
crawling,part
cutting,part
telescope,n
crawl,n
rough,adj
Esso,n:prop
horses,
attach,v
though,adv
throws,v
shoulder,n
lives,n
ground,n
while,conj
leaving,part
moustache,n
tooth,n
threw,v
high,adj
Wednesday,n:prop
smokestack,
stand,n
through,prep
finish,v
mine,v
Mommy,
teeth,n
climb,v
hair,n
fingernail,
dress,n
Busby,n:prop
after,adv:tem
blowing,part
Mother,n:prop
piano,n
Shadow,
safe,n
David,n:prop
quite,adv
safe,adj
kitchen,n
hugged,v
bicycle,n
squeezed,v
squeezed,part
dear,adj
believe,v
berry,n
food,n
cracker,n
growing,n:gerund
tied,part
carrot,n
me,
idea,n
growing,part
moo+cow,
branding,part
haven't,aux
man's,n
tried,part
Ricky,n:prop
she'd,pro:sub
Ricky's,n:prop
yeah,
for,
helper,n
drive,v
crackers,n
clothes+line,
help,co
missiles,n
sticking,part
pushed,v
plugged,part
jingle,v
outlet,n
bread,n
cowhorse,
abra_cadabra,co
mountain,n
backing,part
stirred,v
zup,on
zoom,on
cutting,n:gerund
edge,n
somebody's,pro:indef
drives,v
wet,adj
smoking,part
farm,n
yo,co
magic,n
taxitop,chi
words,n
leg,n
smoke,v
breaking,part
smoke,n
beard,n
byebye,co
lately,adv
whoops_a_daisy,co
blueberry,n
proper,adj
interesting,part
grin,n
drive,
come,
opening,part
flowers,n
kind,adj
toper,chi
gay,adj
meow,v
eye,n
cube,n
cups,n
magic,adj
saucer's,n
fresh,adj
man,v
helping,part
ski,n
saucers,n
happy,adj
www,
Red,n:prop
Breast,n:prop
wrench,v
flute,n
happening,part
printing,n:gerund
printing,part
butter,n
blanket,n
Nestle,n:prop
knife,n
calls,v
best,adj
such,qn
round,adj
showing,part
soft,adj
until,conj
met,v
watching,n:gerund
travels,v
fast,adv
rub,v
butterfly,
Ginny,n:prop
calling,part
someplace,n
watches,v
Miss,n:prop
necklace,n
Jean,n:prop
bulb,n
better,adv
buttons,n
rompen,wplay
dompen,wplay
pal,n
boo,wplay
stone,n
robin,n
Jenny,n:prop
romper,wplay
bomper,wplay
mixed,v
stomper,wplay
whom,pro:int
clothes,n:pt
domper,wplay
eyes,n
letters,n
practice,n
cucumber,n
jumping,part
fly,v
frighten,v
crack,n
stone,v
handkerchiefs,n
behind,prep
finding,on
kiss,v
dropping,part
presto,co
pacifier,n
walks,n
chin,n
kicked,v
n,n:let
Paul's,n:prop
cookies,n
Doctor,
necktie,n
Doctor,n:prop
kinds,n
Dan,n:prop
Jiminy_Cricket,n:prop
clean,v
wheelbarrow,
eggs,n
walks,v
baby+sitters,
need,
straightening,part
turned,part
Simon,n:prop
gloves,n
telephone,n
he'll,pro:sub
sounded,
like,
switches,n
ones,pro:indef
Simonize,n:prop
program,v
call,v
enough,qn
kiss,n
guess,n
ran,v
chewy,n
Friday,n:prop
children's,n
Douglas,n:prop
socks,n
Robin's,n:prop
watches,n
Sandy,n:prop
different,adj
Gil,n:prop
jump,v
container,n
Sandy's,n:prop
Timmy,n:prop
whose,det:int
wearing,part
bells,n
chatter,v
cockle,
Timmy's,n:prop
where,
Celia,n:prop
chatter,n
bump,n
nursery,n
envelope,n
heel,n
right,
ape,n
there,
hug,v
lie,n
scratch,n
pay,v
eraser,n
match,v
money,n
scratched,v
bend,v
puts,v
roll,n
kicking,part
head,adj
match,n
jumps,n
Alvin's,n:prop
toe,n
until,prep
lose,v
swallow,n
touch,n
swallow,v
Munroe,n:prop
bunkhouse,n
bank,n
x,n:let
finishes,v
violin,n
peas,n
g,n:let
park,v
washing,part
few,qn
beep,n
Munroe's,n:prop
screwing,part
park,n
envelopes,n
cook,v
screwing,n:gerund
crossing,part
disrupt,v
birthday,
have,aux
drops,v
pole,n
cross,v
ya,pro:per
package,n
mess,v
points,n
June,n:prop
home,adv
station,n
there're,pro:exist
knows,v
dollar,n
had,part
oops,co
cheeks,n
turns,v
expression,n
nipple,n
Cliffy,n:prop
meant,v
dizzy,adj
can,
beating,part
both,qn
ways,n
coffees,n
feed,n
caught,part
cups,v
doll,n
buggy,n
cars,n
tire,n
soon,adv
check,v
injure,v
bootie,n
missed,part
run,v
chairs,n
scoot,v
able,adj
sookie,chi
house,v
cold,adv
dime,n
freshous,chi
taste,n
Cliffy's,n:prop
mountains,n
tastes,v
forget,v
summer,n
pipe,v
clip,n
barn,n
boats,n
care,n
next,adj
cold,adj
chaining,part
monkey,n
shelf,n
wow,co
point,n
pens,n
mm,co
run,part
hoot,n
lady,n
airplanes,n
gobble,v
banana,n
Barney,n:prop
bail,n
upside,adv
bug,n
football,
camel,n
ah,co
propellers,n
fold,n
basketball,
jumped,v
imp,n
point,v
smell,v
winding,part
smell,n
engine,n
box,v
helmet,n
supposed,part
count,v
toot+toot,
as,conj
down,
straight,adv
farmer,n
re,
whisper,v
unscrew,v
master,n
usually,adv
bottles,n
tonight,adv:tem
weekend,
footballs,
llama,n
dry,v
soldier,n
bang,n
tum,wplay
busy,v
seems,cop
dry,adj
lost,part
yup,co
thanks,co
shot,v
clothes+pins,
checking,
chicken,n
mailbox,
greens,n
ink,n
Sunday,n:prop
lion's,n
soldier,
brinder,chi
shadow,v
forks,n
knives,n
wash,v
bree,chi
shoot,v
press,n
toot,on
television,n
he,
towards,prep
dish,n
burp,v
ironing,part
soap,n
sneeze,n
love,v
iron,n
hup,co
rocks,v
behind,adv
wheel's,n
Twinkle,n:prop
camel's,n
Twinkles,n:prop
dumpy,adj
moon,v
embroidered,v
ducky,adj
noises,n
sunsuit,n
sixteen,det:num
swimming,part
accident,n
wedding,n
carriage,n
picks,v
donut,n
bad,adj
giant,n
chug,v
we,
plate,n
dump,
fourth,n
flash,n
folded,v
help,n
hanging,n:gerund
Catherine,
asking,part
Catherine's,n:prop
named,part
hold,n
meadow,n
put,
meadow,adj
pond,n
through,adj
donkey,n
pulling,part
flies,n
waking,part
restaurant,n
tea,n
forth,adv
throat,n
wind,n
rascal,n
snap,v
mill,n
Mrs,n:prop
Hobokin,n:prop
wif,n
clay,n
rooster,n
empty,adj
jar,n
nest,n
crack,v
cock_a_doodle,on
squeaking,part
tipped,part
sounds,n
interesting,n:gerund
temperature,n
plenty,n
shake,v
spoons,v
measles,n:pt
mixit,chi
taken,part
sick,adj
mistake,n
takes,v
library,n
spoons,n
Pepper,n:prop
not,
sifter,n
drawer,n
bake,v
mix,n
Newmi,n:prop
weather,n
the,
nut,n
den,chi
suppose,v
hurt,part
spots,n
spot,n
mixer,n
candle+stick,
maker,n
en,chi
working,part
carrots,n
carrier,n
pea,n
she,
Spot,n:prop
pinching,part
named,v
pressed,v
Pappy,n:prop
dream,n
rolls,v
warm,v
pee,v
simply,
Derrick,n:prop
holding,part
papers,n
gentleman,n
hasn't,aux
serve,v
mailman's,
head,v
which,pro:int
made,part
Japan,n:prop
deliver,v
gentlemen,n
body,n
wheels,v
why,
tomato,n
works,n
flying,part
pen,
crosses,v
electric,n
crown,n
save,v
gimme,v
seals,n
part,v
my_goodness,co
Mary,n:prop
tire,v
easily,adv
every,qn
thinks,v
weren't,cop
didn't,
spanking,n:gerund
chalks,n
chalk,
vitamin,n
July,n:prop
Chocks,n:prop
armored,part
sugars,n
vitamins,n
job,n
snacks,n
armor,n
spanking,part
dropped,part
carries,v
ball,v
squash,n
torn,part
town,n
suddenly,adv
wipe,v
sudden,adj
stove,n
touching,n:gerund
cool,adj
snake,n
hamburger,n
guns,n
cool,v
taking,n:gerund
puppet,n
skate,n
convertible,n
nail's,n
ketchup,n
convertible,adj
seem,cop
brief,n
ketchups,n
driver,n
bought,v
unicorn,n
pant,v
only,adv
recognize,v
Shadow's,n:prop
barbell,n
church,n
reading,n:gerund
dress,v
saw,n
doors,n
ducks,n
gone,
ring,n
ding,on
horsie's,n
filled,part
shoelace,
collar,n
come,part
river,n
touched,v
medicine,n
bar,n
ringmaster,
mask,n
mercurochrome,n
bookshelf,
bites,n
silly,adj
lots,n
statue,n
statues,n
puzzle,v
jokes,n
company,n
Main,n:prop
Street,n:prop
bother,v
called,v
buying,part
naughty,adj
tomatoes,n
pines,n
rice,n
swan,n
skates,n
paying,part
answer,v
soda,n
stamps,n
rolled,v
somewhere,n
cow's,n
spells,v
grader,n
dum_dum,co
trees,n
sleeping,n:gerund
fighting,n:gerund
cowboys,
drew,v
doctor,n
hats,n
fishing,n:gerund
roping,part
why're,adv:int
swords,n
crash,n
yoyo,n
bandana,n
mock,v
rope,v
mark,n
swim,n
dem,
mark,v
swim,v
fist,n
king's,n
earlier,adj
cats,n
grow,v
mock,adj
hoses,n
sunny,adj
folding,on
eagle,n
car,
hay,n
hit,
shoelaces,
eagles,n
alive,adj
fireplace,
banjo,n
Lilly,n:prop
once,adv
looked,v
birdies,n
messy,adj
loves,v
suppertime,
rack,n
extension,n
dogs,v
balloons,n
hollow,v
carrying,part
gon,
ceiling,n
Harvey,n:prop
passed,v
nuns,n
instead,adv
hollow,adj
hollow,n
told,v
daddy,n
cousin,n
fasten,v
pan,n
boys,n
during,prep
vacation,n
strike,n
throwing,part
on,
ends,n
tip,v
holder,n
vegetables,n
clarinet,n
delicious,adj
Halloween,n:prop
bottle,n
used,part
climbing,part
fix,
fixing,part
Panda,n:prop
laugh,n
Kepi,chi
laugh,v
changed,v
alligator,n
mike,n
sounded,v
Santa,n:prop
sew,v
Seven_Up,n:prop
Sam,n:prop
folder,n
afternoon,n
diamond,n
after,conj
noon,n
footie,n
elevator,n
Claus,n:prop
it's,
it'll,pro:per
soon,adj
zipping,n:gerund
gentle,adj
stops,n
ham,n
knocking,part
fixed,part
porgy,chi
standing,n:gerund
hoppie,wplay
grace,n
crumpled,v
bracelet,n
Judy,n:prop
quack,on
spitting,part
yahoo,co
paper's,n
had,aux
knocked,part
spit,v
meet,v
Judith,n:prop
sounds,v
crayon,n
spit,n
toilet,n
squee,on
folding,part
diapers,n
cargo,n
grey,adj
s,n:let
resting,part
market,v
kleenex,n
hiccups,n
tape,v
seeing,part
fat,n
couldn't,mod
dance,v
dance,n
battered,v
uneven,adj
march,v
Cromer,
broken,
chuch,chi
march,n
upstairs,adv
rubbers,n
dessert,n
Cecilia,n:prop
mouse,n
sail,n
secret,adj
Greenz_jeans,n:prop
bean,
Green_jeans,n:prop
waste,v
turns,n
bumping,part
bumped,v
bib,n
fat,adj
truck,v
replace,v
skip,n
long,adv
reading,part
run,n
rumble_been,chi
v,n:let
cream,n
pitcher,n
cracked,v
sound,n
wires,n
plug,v
dollie,n
lobster,n
bath+tub,
wine,n
child,n
bridge,n
pictures,v
weasel,n
saddle,n
bridle,n
skipping,part
once,conj
parade,n
oatmeal,n
forgot,v
lobsters,n
hate,n
pointing,part
sweet,co
feel,v
firetrucks,
smiling,part
wasn't,aux
eye,v
legs,n
dries,v
staying,part
poo,co
tub,n
turtle,n
someplace,adv
stool,n
boom,n
mud,n
peek,n
lights,n
hill,n
daytime,
lines,n
perhaps,co
minestrone,n
sleepy,adj
Barney's,n:prop
phone,n
line,v
quickly,adv
Emrie,n:prop
quick,adv
goes,
cousins,n
propeller,n
station,v
Michael's,n:prop
pa,
electricity,n
pails,n
Peppy,n:prop
dusty,adj
closer,adj
breaks,v
alarm,n
rings,v
doubt,v
friends,n
lonely,adv
cloth,n
ouch,v
drain,n
thimble,n
strawberry,n
rainy,adj
sits,v
bump,v
stocking,part
leaf,n
someone,pro:indef
stocking,n:gerund
chicks,n
count,n
packing,part
fastened,part
doghouse,
indian,n
Buddy_Shaddy,n:prop
feather,n
piggies,n
Suzy,n:prop
David's,n:prop
what'd,pro:int
ponies,n
yard,n
dog,
as_if,conj
seal,v
spear,n
dump,v
moustache,
nap,n
isn't,aux
franks,n:adj
telling,part
peeking,part
gate,n
how're,adv:int
wished,v
Mom,n:prop
pour,v
Cowboy,n:prop
water,v
Bobo,n:prop
moving,n:gerund
bat,n
eek,co
importance,n
useful,adj
Gilbert,n:prop
sure,adv
none,pro:indef
popped,v
knew,v
weeks,n
stands,v
slip,n
off,
when,adv:int
matching,part
slipped,v
turtles,n
this,
interested,part
turkeys,n
shirts,n
teacup,
reads,v
drives,n
Rin_tin,n:prop
can't,
handkerchief,n
counts,v
chick,n
clothes+pin,
zebra,n
chickens,n
thinking,part
tear,n
shepard,n
Christ,n:prop
lambs,n
keeping,part
God,n:prop
I'm,
wise,adj
snack,n
sock,
Uncle,n:prop
Clyde,n:prop
hiding,part
cleaned,v
d,
collect,v
gifts,n
explain,v
ago,adv
till,v
Howard,n:prop
Johnson,n:prop
dare,v
somes,chi
they'll,pro:sub
love,n
laundry,n
belonged,v
your,
boat,v
policeman,
police,n
thirty,det:num
large,adj
times,n
moo,on
cleaned,part
mader,chi
games,v
cake,
back,
clean,adj
firemen,
Tommy,n:prop
joke,n
rifles,n
hang,
moose,n
whoop,co
reindeer,n
glasses,n
rifle,n
biter,n
tummies,n
uh,
cut,
cutting,
hurry,v
knots,n
Ursler,chi
hook,n
singing,n:gerund
golden,adj
Chippewa,n:prop
wiping,part
buck,n
birds,n
Kangaroo,n:prop
parrot,v
will,
fed,v
pigeons,n
inside,prep
ssh,co
ant,n
record's,n
born,adj
cereal,n
patting,part
sideways,adv
film,n
fireman's,
crayons,n
sunball,chi
i,n:let
weasels,n
bran,n
cannot,mod
Bobo's,n:prop
penguins,n
graham,n
pants,v
knot,n
bet,n
no,meta
achoo,co
twos,det:num
Robbie,n:prop
happening,n:gerund
Pete,n:prop
Peter,n:prop
Piper,n:prop
Pipe,n:prop
ribbon,n
Robbie's,n:prop
bumblebee,
shave,v
puppies,n
full,adj
energy,n
shaving,n:gerund
spurts,n
each_other,pro:refl
choose,v
flamingo,n
steamshovel,n
freight,n
cock_a_doodle_doo,co
scratch,v
Howe,n:prop
shaving,part
Hobo,n:prop
singing,part
goofy,adj
Hobo's,n:prop
cock_a,on
juicy,adj
socks,v
growl,n
cigarettes,n
rock_a_bye,co
Tuesday,n:prop
lion_fish,chi
turquoise,n
falling,part
salt,n
pepper,n
pushes,v
carpenter's,n
chain,n
whales,n
carpenter,n
treasure,n
tool,n
jury,n
rhinoceros,n
sign,n
black,adj
king,n
queen,n
gain,v
snap,n
toy,v
noses,n
fox,n
dirts,n
macks,chi
ninety,det:num
mouths,n
radator,chi
Nana,n:prop
milkbox,n
Dan's,n:prop
Circus,n:prop
cupcake,n
eat,
radiator,n
riding,on
public,adj
spanked,part
do you,v pro:per
late,adj
asked,v
tamer,adj
sirree,n
twinkle,n
attached,part
clang,n
drip,n
downtown,n
digging,n:gerund
downtown,adv
except,conj
pischetti,chi
punch,v
parading,part
bags,n
treetop,
diaperman,n
Camel,n:prop
blade,n
hag,n
rock,v
Grandmother,n:prop
bag,v
Camels,n:prop
hops,v
North,n:prop
Carolina,n:prop
spring,n
married,part
tattooed,part
started,v
ivy,n
dig,n
Missouri's,n:prop
bands,v
fixes,v
saying,n:gerund
parade,meta
correcting,part
pronunciation,n
gets,v
tickle,v
tattoo,v
teen,n
cage,n
young,adj
pop,v
alone,adv
mixers,n
by,adv
peanuts,n
ski,adj
camping,part
knob,n
trip,n
smashed,v
bout,n
mashed,v
camping,n:gerund
peanut,n
skiing,n:gerund
bandaid,n
squealing,part
rain,n
what's,
peek,v
copen,chi
coal,n
bin,n
bowl,n
scout,n
special,adj
trunk,n
Don,n:prop
Eskimo,n:prop
month,n
messed,v
elephant's,n
scouts,n
only,qn
eskimo,n
zipper,n
slipping,part
wonder,v
disappeared,part
railroad,n
seeing,n:gerund
moved,v
lipstick,n
rest,n
they,
throw,
line,n
teeth,
chugging,part
groceries,n
nuts,adj
mail,v
Shell,n:prop
envelope's,n
jug,n
visited,v
ladies,n
Riverside,n:prop
Church,n:prop
visit,v
New,n:prop
York,n:prop
ring,v
rang,v
crying,n:gerund
tying,part
mess,n
farmer's,n
rings,n
mind,n
final,adj
disk,n
crocodile,n
final,n
Jello,n:prop
rains,v
beep,v
hay,v
rains,n
shale,n
Riv,n:prop
Ri,n:prop
hall,n
hung,v
Bill,n:prop
blowing,n:gerund
lemonade,n
cards,n
fish,v
knot,v
anyone's,pro:indef
hitting,n:gerund
black,n
swing,v
paintings,n:gerund
kept,v
royal,adj
tied,v
threes,det:num
dat,
pussy,n
bacon,n
dis,
swinging,part
Johnny,n:prop
Black,n:prop
potatoes,n
k,
peach,n
having,n:gerund
jam,n
pops,n
gallons,n
toothpaste,
sweeping,part
bowls,n
crayoned,v
Yogi_Bear,n:prop
walker,n
Yogi,n:prop
frog,n
so,
twine,v
harpsichord,n
American,n:prop
left,adv
bibs,n
Yogi's,n:prop
others,n:pt
pickle,v
pickle,n
peck,n
player's,n
other,pro:indef
polish,n
numbers,n
fastener,n
zero,det:num
Dumbo,n:prop
used,v
how's,adv:int
hooks,n
basement,n
when,pro:rel
friend's,n
curtain,n
tall,adj
Bruno,n:prop
Walter,n:prop
razor,n
fire,v
waffle,n
bears,n
Goosey,n:prop
story+book,
quack,n
down,v
sauce,n
game,v
sh,
crazy,adj
sneakers,n
finds,v
sunrise,n
popcorn,
weren't,aux
cooked,part
sail,v
both,post
spray,n
skedaddle,v
poem,n
cart,n
h,n:let
boil,v
f,
sometime,adv
woke,v
front,n
Happy,n:prop
Dr,n:prop
Nut,n:prop
girl,n
acrobat,n
toys,v
Indian,n:prop
man,
trombone,n
Yogi_bear,n:prop
iceberg,n
skin,n
conducting,part
hatso,wplay
silver,adj
fatso,n
colors,n
own,v
sad,adj
screaming,part
j,n:let
fork,v
polish,adj
sunshine,n
gold,adj
somebody,
spill,
Buzz,n:prop
eyebrow,
hair+pin,
care,v
bone,n
babies,n
owl,n
think,
baker,n
doggies,n
overalls,n:pt
couple,n
carby,chi
Goldilock,n:prop
afterwards,adv
click,n
Goldilocks,n:prop
helps,v
parking,part
flashlight,
bill,n
birdhouse,
turn,
Cowboy_Bill,n:prop
telephone,v
knock,co
keep,
hurts,
nobody's,pro:indef
mornings,n
dear,n
jabbering,part
snacks,v
shovels,n
tasting,n:gerund
barrel,n
cans,n
marvelous,adj
speech,n
pear,n
toothbrush,
outside,prep
snows,v
peachie,n
unless,conj
Little,n:prop
Muffet,n:prop
curds,n
whey,n
misses,n
rake,n
understood,v
lying,part
square,n
pitch,n
John,n:prop
Tom,n:prop
piper,n
son,n
pinch,n
standing,on
piper's,n
fast,n
Buzzhart,n:prop
raccoon,n
tatoon,wplay
shaking,part
her,
head,
merry+go+round,
statoon,wplay
frightens,v
lets,v
clown,v
log,n
itself,pro:refl
raft,n
loopy,chi
runs,v
cloud,n
battery,n
cob,n
shine,n
address,n
parachute,n
house_bird,chi
bless,v
thirteen,det:num
angry,adj
faces,n
dial,n
Buzzart,n:prop
faces,v
raven,n
burn,
barbells,n
burned,v
lift,v
shell,
cross,n
typing,part
grandson,n
grandsons,n
went,
special,n
reason,n
pick,
brave,n
up,
thrown,part
outside,adj
shells,n
kids,n
shooter,n
decoration,n
perform,v
ba,bab
surprised,part
Habahart,n:prop
because_of,prep
lot,n
Smith's,n:prop
Baba,n:prop
whee,co
keeps,v
Babar,n:prop
spoon,
koala,n
growling,part
roar,n
wee_wee_home,chi
understands,v
plenty,adv
mamma,n
closed,v
mops,n
tasting,part
mop,n
who're,pro:int
peel,v
note,n
ache,n
headache,
ones,det:num
white,n
break,
ga,
skating,part
tried,v
anyone,pro:indef
pedal,n
melon,n
far,adv
bik,chi
wolf,n
xylophone,n
yak,n
racing,part
passenger,n
shine,v
music,n
punch,n
comb,v
shooting,part
kite,n
whenever,adv:int
hair's,n
climbed,v
punch+ball,
wak,wplay
tauk,wplay
path,n
oo,co
frightened,part
stuff,n
around,
level,n
lives,v
checked,v
whether,conj
flat,n
bubble,n
easier,adj
whoo,on
sixty,det:num
triangle,n
sweater,n
constant,n
battle,n
wind's,n
Pickle,n:prop
Pickle's,n:prop
tipped,v
course,n
changing,part
sell,v
breath,n
noisy,adj
drummer,n
fast,adj
Park,n:prop
hair,
acorns,n
copy,v
nesess,chi
sycamore,n
lock,n
tracks,v
elephants,n
piggie's,n
popped,part
baby,v
bites,v
sometimes,adv
mocking,n:gerund
skiing,part
mocking,part
backwards,adv
Cecelia,n:prop
rain,v
surprises,n
Boston_Common,n:prop
comment,n
Soakie,n:prop
Soakie's,n:prop
pigs,n
separate,adj
poodle,n
cup,v
scooter,n
rolling_steam,chi
tigers,n
Alligator,n:prop
cut,part
dogs,n
plunge,n
wonderful,adj
sewing,part
Cracker_Jack,n:prop
repair,v
cotton,n
sure,v
teacher,n
balls,v
overcome,v
wonder,adj
cock_a_doodle_doo,on
mirrors,n
woman,n
lived,v
frightened,v
cows,n
make,
squee_squee,on
each,qn
sponge,n
leopards,n
palm,n
Hawaii,n:prop
lift,n
channel,n
rubbed,part
camper,n
following,n:gerund
coloring,part
nurse,n
lifting,part
examine,v
caboozle,wplay
examined,v
crab,n
monkeys,n
Africa,n:prop
nurse,v
boohoo,co
feeling,part
crumbs,n
Bengy,n:prop
color's,n
measure,n
good_night,co
Chatter's,n:prop
forty,det:num
stethoscope,n
rustle,v
upstairs,adj
following,part
inches,n
muscles,n
scream,v
bath+room,
seeds,n
careless,adj
sofa,n
tune,n
mouth,v
measuring,part
these,det:dem
crowded,v
scarecrow,
splash,n
Indians,n:prop
lessons,n
stories,n
dances,v
chop,v
chop,n
Soakies,n:prop
rhino,n
masks,n
lake,n
tries,v
bang,on
being,part
kidding,part
umbrella,n
Charles,n:prop
fence,n
River,n:prop
grew,v
done,part
pretending,part
Rambler,n:prop
country,n
sturdy,adj
about,
presents,v
porcupines,n
person,n
sailboats,
presents,n
somersault,n
which,det:int
new,
pineapples,n
Williams,n:prop
pineapple,n
Roxbury,n:prop
played,v
beach,n
cover,v
leads,n
share,v
roof,n
fan,n
jolly,adj
Perros,n:prop
sled,n
doing,
Flintstones,n:prop
parked,v
listening,part
means,n:pt
only,
clutch,n
marbles,n
nuts,n
horses',n
clutched,part
painted,v
beautiful,adj
hope,n
Jocko,n:prop
mix,v
a_lot_of,qn
straps,n
were,
playing,
oil,n
Pucilia,chi
movie,n
fingernails,
Pucile,chi
jumper,n
iron,adj
bumpety_bump,on
barber,n
shop,n
mule,n
truth,n
tack,n
hospital,n
Donald_Duck's,n:prop
furniture,n
dried,v
Mobilgas,n:prop
cough,n
lazies,wplay
snowballing,
stream,n
suits,v
gas,
pickins,chi
Bambi's,n:prop
beginning,n
Hercules,n:prop
pumpkins,n
arms,n
seeds,v
click,v
so_that,conj
Major's,n:prop
beads,n
froggie,n
diamonds,n
stitch,n
bead,n
Majors,n:prop
lick,v
shape,n
rocking,n:gerund
stayed,cop
whatever,pro:int
near,adv
half,n
boxcar,n
exasperated,part
bunchy,adj
voice,n
logs,n
we'd,pro:sub
Bowl,n:prop
Harvard,n:prop
question,n
giggle,n
Winstons,n:prop
hurting,part
upon,prep
head's,n
race,n
dresser,n
hurting,n:gerund
playing,n:gerund
favorite,adj
favorite,n
Harvard_Square,n:prop
follow,v
lumber,n
marble,n
rules,n
follow,
heater,n
cottage,n
at,
tickles,v
laughing,n:gerund
straight,adj
drooling,part
garden,n
Tommy's,n:prop
shout,v
cute,adj
valentine,n
prepared,part
Mighty_Mouse,n:prop
prepared,v
rules,v
it'd,pro:per
ship,
brother's,n
nicer,adj
witch,n
swordfish,
alike,adv
wagons,n
ma,wplay
yippee,co
tomorrow,
theater,n
measure,v
twaro,chi
names,n
woggle_bug,chi
waves,v
twoeo,chi
combination,n
throw,meta
climbs,v
painting,n:gerund
suspenders,n
dressed,v
making,n:gerund
tray,n
tin,n
wizard,n
woodman,n
thru,prep
Wizard,n:prop
nowhere,adv
Oz,n:prop
nowhere,n
disguises,n
bleed,v
t,
gouda,n
glued,part
Jowha,n:prop
class,n
Kenny,n:prop
terrible,adj
Kenny's,n:prop
cover,n
houses,n
thumb,n
shapes,n
dust,n
thumb,v
wiggleworm,
whoo,co
snowman,
lesson,n
sharing,part
black+board,
dey,
shape,v
lips,n
handle,v
brown,
George,n:prop
space,n
Washington,n:prop
Lincoln,n:prop
excited,v
President,n:prop
bull,n
sticks,n
Stripey,n:prop
shore,n
Colgate,n:prop
gee,co
California,n:prop
Susy,n:prop
picnic,n
baking,
baking,n:gerund
Carol,n:prop
wiggle,n
construction,n
bakes,v
unlock,v
learn,
mother,n
see,
growl,on
with,
jet,n
died,v
those,
chest,n
mantle,n
flip,chi
twenty,det:num
jewels,n
family,n
sweep,v
alphabet,n
staple,n
hours,n
collection,n
stapler,n
bottom,n
plane,n
speak,v
die,v
dream,v
urinate,v
wheel,
storkey,chi
timey,chi
recorder's,n
intend,v
Adam,meta
night+time,
gravy,n
Do_Bee,n:prop
whale,n
how,
left,part
themselves,pro:refl
pinafore,n
and,
cooker,n
Bosco,n:prop
onto,prep
stole,v
easy,adj
steal,v
Cinderella,n:prop
copilot,n
especially,adv
gets,aux
swing,n
cake,v
Rumplestiltskin,n:prop
sold,part
landing,part
Little_Red_Hen,n:prop
tower,n
pic,
Ducky_Lucky,n:prop
Ramblers,n:prop
Ducky_Lucky's,n:prop
Chicken_Licken,n:prop
lunches,n
stopping,part
ugly,adj
duckling,n
moves,n
moves,v
vine,n
control,n
panels,n
onion,n
hers,pro:poss
scanners,n
batteries,n
round,v
racing,n:gerund
someone's,pro:indef
falls,v
Sky_Dart,n:prop
bounce,v
sweetie,co
difference,n
telegraph,n
tanks,n
acorn,n
Bellugi,n:prop
art,n
gallery,n
pulls,v
sleigh,n
zoom,v
soom,on
lay,v
maybe,
parked,part
steering,part
twist,n
bathing,part
Pokey_Wokey,n:prop
driver's,n
plate,
great,adj
amen,co
numbers,v
tight,adj
brothers,n
Arch,n:prop
drums,n
fur,n
clear,adv
them,
clear,adj
keyhole,
closed,part
places,n
puzzles,n
straight,n
tummy's,n
buy,
mailbag,n
lie,v
baking,part
scoop,n
regular,adj
oken,wplay
hockey,n
near,v
Jocko's,n:prop
cop,n
s,
did,
Lincoln's,n:prop
dreams,n
track's,n
blamed,part
spread,v
yawning,part
mashing,part
left,adj
scanner,n
support,n
conductor,n
mash,v
except,prep
blast+off,
stinky,adj
realize,v
fair,adv
mashing,n:gerund
kill,v
holidays,n
chart,n
owls,n
whoo_oo,on
rudder,n
chooch,on
hunting,part
movies,n
whoo_hoo,on
teachers,n
along,adv
might,
bouncing,part
crawl,v
paddle,n
Beefaroni,n:prop
channel,v
played,
spaceship,
months,n
pilot,n
sore,adj
tonsils,n
following,
why don't,adv:int mod
enlarged,part
spears,n
scratching,n:gerund
tummy,
everywhere,adv
said,
blast+offs,
record,v
Lassie,n:prop
landing,n:gerund
magic,
turning,n:gerund
land,v
snail,n
uppity,adj
dreaming,part
golf,n
reminds,v
Hampshire,n:prop
trailers,n
North_Carolina,n:prop
lights,v
his,
does,
horrible,adj
shot,n
camp,n
Kennedy,n:prop
songs,n
blow+out,
balloon,v
Walt_Disney,n:prop
hide,v
Italy,n:prop
cradle,n
peanut+butter,
blows,v
loaded,v
second,adj
twisted,part
Cocoamarsh,n:prop
hunting,n:gerund
pow,on
load,v
why'd,adv:int
stepped,v
runny,adj
wish,v
puppets,n
m,
Peanut,n:prop
Butter,n:prop
bleeds,v
plant,v
terrific,adj
train,
fellows,n
most,qn
tops,n
tops,v
flowers,v
aren't,cop
plant,n
plants,n
longer,adj
ah,
tastes,n
roast,n
beef,n
colonial,adj
bending,part
joy,n
ruler,n
far,adj
pilots,n
liked,v
hits,v
across,prep
dairy,n
what_about,adv:int
so_that,
waves,n
ram,n
milked,part
pat_a_cake,co
milking,part
machines,n
de,
lions,n
controls,n
squeaky,adj
gonna,
dart,v
floating,part
throwing,n:gerund
trains,v
brakes,n
carries,n
slice,n
plates,n
stopping,n:gerund
eye,
Jack_a_lantern,n:prop
putting,n:gerund
lock,v
directions,n
further,adv
cracked,part
direction,n
finger,v
sunglasses,n
patrol,n
Yankee_Doodle,n:prop
r,n:let
skinned,adj
kit,n
yellow,v
scraped,part
against,prep
sock,v
hoo,wplay
bugs,n
germs,n
bands,n
Italian,n:prop
snaps,v
Massachusetts,n:prop
Avenue,n:prop
tweezers,n
friendly,adj
should,
scoots,v
Jack_a_weasel,n:prop
dead,adj
stalking,part
sailboat,
possibly,adv
back,v
belts,v
loaf,n
belts,n
sharpener,n
sang,v
etcetera,adv
trust,v
sharpen,v
theirs,pro:poss
penis,n
dark_time,chi
chases,v
fixed,v
jumps,v
hug,n
Kenner,n:prop
happenings,n:gerund
extra,n
nervous,adj
barrels,n
worm,n
joking,part
stays,cop
Sherry,n:prop
bent,v
chase,v
carrying,
dumps,v
sister,n
cab,n
zeros,det:num
folded,part
Flintstone,n:prop
bet,v
sister's,n
clapping,part
elbows,n
tennis,n
bowling,n:gerund
Sheila,n:prop
Putty,n:prop
bowling,part
sun,
squinking,chi
Rocky,n:prop
hear,
mines,n
calling,n:gerund
loader,n
beds,n
drank,v
beginning,part
squeezing,part
juggling,part
snails,n
Bozos,n:prop
goodness,co
tinker,n
killed,v
tell,
showed,v
doctor,v
Zorex,n:prop
avenue,n
tick_tock,on
tick,
have_to,
custom,n
anchor,n
bright,adj
oven,n
tone,n
ticking,part
Trowbridge,
shoot,
bandage,n
him,
moon's,n
Dodge,n:prop
stairs,n
bandage,v
arrows,n
dark,adj
balcony,n
hardly,adv
was,
Broadway,n:prop
Monroe's,n:prop
city,n
may,
hitch,n
dressed,part
cities,n
pump,v
milkmen,
powder,n
corny,adj
glad,adj
Iwant,
exactly,adv
Milly,n:prop
twisting,part
Summertime,n:prop
shot,part
Darrel,n:prop
wiped,v
ours,pro:poss
spent,v
America,n:prop
automobile,n
dozen,n
are,
born,
cactus,n
ocean,n
boxes,n
got_to,mod:aux
grab,n
father,n
killing,part
Wintertime,n:prop
grab,v
flash,v
tweet_tweet,on
sparrows,n
side,adj
creature,n
butty,chi
crashed,v
rum_tum_tum,on
Twirly,
Twirly,n:prop
baths,n
tells,v
fiddle,n
Ben,n:prop
gotta,mod:aux
bend,n
crawls,n
stockings,n:gerund
binoculars,n
burn,n
giving,n:gerund
starts,v
beaters,n
rabbits,n
also,adv
locked,v
locked,part
bugs,v
dragon,n
burns,n
crash,adj
quiet,adj
lead,v
carrot's,n
sleeps,n
wakes,v
Seven_up,n:prop
onions,n
Middle,n:prop
banders,chi
tusks,n
punish,v
Rinny,n:prop
wake,n
smelling,n:gerund
acrobatic,adj
alligators,n
boxes,v
honey,co
eggplant,
checkup,
evidently,adv
vegetable,n
Monday,n:prop
sleeps,
halloween,n
Jacob,n:prop
Jingle,n:prop
Heimer,n:prop
cross,adj
seagull,
lost,
magic,chi
magicked,chi
dolls,n
blankets,n
butterflies,
two,
burning,part
products,n
clip,v
hippity_hop,co
fitted,v
securely,adv
disappear,v
wiggle,v
twirly,adj
derricks,n
tearing,part
law,n
feelings,n:gerund
derrick,
rockets,n
gears,n
gear,n
mixed,part
linked,v
chimpanzee,n
beet,n
prepare,v
shoveling,part
junk,n
grasshopper,
wobbly,adj
bricks,n
sees,v
shove,v
buttom,chi
cabbage,n
lemme,v
bash,v
Mother_goose,n:prop
lettuce,n
stork,n
toesies,n
toesie,n
stopped,part
dentist,n
wahoo,on
cigar,n
magician,n
visit,n
talks,v
plastic,adj
plough,n
plastic,n
catches,v
beets,n
dollies,n
cutter,n
how'd,
cooking,n:gerund
bareback,adv
rider,n
fruit,n
feeding,part
sambleber,wplay
cavities,n
stamp,n
hope,v
Wizard_of_Oz,n:prop
balanced,part
letting,part
black,v
hen,n
across,adv
he's,
hens,n
stays,n
cackle,on
canes,n
quarts,n
telephones,n
favorites,n
quart,n
neigh,on
jerk,v
pounds,n
painted,part
tuner,n
Milkman,n:prop
morning,co
baby,
cement,n
milkman,
slide,v
Jean's,n:prop
ordered,v
bunny's,n
fiddle_dee_fiddle_day,wplay
makers,n
slide,n
winter,n
girls,n
untangle,v
how'd,adv:int
p,
Bunny,n:prop
chicken's,n
Popper,n:prop
dial,v
anywhere,adv
Poppa,n:prop
ought_to,mod:aux
tipping,part
whose,pro:int
micket,wplay
Billie,n:prop
she's,
outa,prep
Sunny,n:prop
crow,n
flap,v
Boody,chi
buddy,n
stupid,adj
pusher,n
Kewie,chi
Rinny's,n:prop
serving,n:gerund
holster,n
stamping,part
tangled,part
farther,adj
wire,n
quacky,chi
problem,n
swimming,n:gerund
nearly,adv
fuddy+duddy,
played,part
has,
k,n:let
everytime,adv:tem
accidents,n
curls,v
crowded,part
Jack's,n:prop
stalk,v
boxing,part
zebras,n
raccoons,n
roped,part
standed,v
sneezed,v
feathers,n
now,
learning,part
morning's,n
Hop,n:prop
cakes,n
Pop,n:prop
claws,n
toast,n
wrap,v
twinkie,n
balance,n
butter,v
here're,pro:exist
sixty,
yay,co
misplaced,part
Colorform,n:prop
chopped,v
sewing,n:gerund
knitting,part
crocheting,part
thought,n
milks,n
petal,n
difficult,adj
ballie,n
kid,n
lady's,n
knit,part
lizard,n
failing,part
apples,n
ballerina,n
kid,v
when,
further,adj
middle,adj
straighten,v
chief,n
leaping,n:gerund
Paulie,n:prop
Joe,n:prop
loading,part
in_case,conj
tore,v
boom,co
dimes,n
meeting,part
know,
guessing,part
wets,v
meeting,n:gerund
channels,n
French,n:prop
nickels,n
den,n
tangle,n
kicking,n:gerund
nutcracker,n
loose,adj
mermaid,n
tangle,v
port,adj
winning,part
juggling,n:gerund
juggle,v
legendary,adj
walk,
minute,adj
seesaw,n
twing,on
freedom,n
Dad,n:prop
q,n:let
fair,n
trying,
quart,
of,
octopus,n
mad,adj
business,n
backs,v
valentines,n
doctors,n
enjoy,v
e,
cutters,n
automatic,n
dere,
ha,wplay
wowheel,bab
ear+phone,
opera,n
extra,adj
hive,n
woo,co
swam,v
octopuses,n
string,v
god,co
nectar,n
oboe,n
Riding,n:prop
Hood,n:prop
truck,
dough,n
orchid,n
ostrich,n
sing,
pound,n
amazing,part
Othello,n:prop
peaches,n
microscope,n
chatty,adj
fry,v
Paul,
fancy,n
notice,n
parasol,n
popped,
automatic,adj
fences,n
ski,v
teach,v
heads,n
repaired,v
mind,v
fill,v
walking,
boxie,n
chopper,n
blinking,part
chopping,n:gerund
straightened,v
melted,v
pink,n
flashing,part
row,n
win,n
ties,n
ticks,chi
counted,v
governor,n
twice,adv
governor's,n
here's,
another,
Kleenex,n:prop
giddee_up,co
pins,n
abcs,n
sews,v
quintuplets,n
quilt,n
kin,wplay
ki,wplay
found,
these,
billy,wplay
hilly,wplay
knocks,v
plumber,n
dash,v
smiled,v
fishes,n
middle,n
skunk,n
sliding,part
one,
dada,on
winded,part
underneath,adv
winds,v
maa,on
straightens,v
Koolaid,n:prop
baby's,
boo+boos,
lamb,
mother,
mothers,
lamb's,n
Pucile,n:prop
taught,v
serving,part
clever,adj
duck,
Clever,n:prop
Clown,n:prop
snapping,part
hinge,n
upsidedown,
spancy,chi
let's,
kitchens,n
order,n
clap,n
either,qn
exercises,v
turntable,n
homes,n
learned,part
counters,v
Captain_Kangaroo's,n:prop
fire,
counters,n
Chinese,n:prop
princess,n
ship,v
dangerous,adj
eighteen,det:num
blonde,adj
wig,n
sheep,n
counter,adv
left,n
molars,n
molar,n
west,n
rest,v
smaller,adj
barnyard,n
strawberries,n
raspberries,n
fray,chi
permission,n
fancy,adj
dot,n
Fruit_loops,n:prop
fight,
Indian,
handing,part
doorbell,
wins,n
particularly,adv
fights,v
however,adv
museum,n
sheriff,n
neither,qn
toaster,n
bubbles,n
designs,n
swallowed,v
quarters,n
behind,
Science,n:prop
Museum,n:prop
tuna,n
Fine,n:prop
Arts,n:prop
tractor's,n
sisters,n
grown,part
topart,chi
Children's,n:prop
snakes,n
eel,n
blown,part
raincoat,
amoebas,n
bird's,n
Hole,n:prop
uniform,n
eensie,adj
weensie,adj
hace,chi
dining,
uniform,adj
win,v
order,v
window,
runs,n
microscopes,n
little,
rubber,
jail,n
shut,v
member,n
Casper,n:prop
winner,n
trouble,n
whoever,pro:int
heat,n
beater,n
Swimmy,n:prop
Grace,n:prop
opening,
melt,v
finding,part
chopping,part
Pencil,n:prop
happened,part
n,
excited,part
hafta,mod:aux
catching,part
trap,n
killed,part
cough,v
stretch,v
clothes+lines,
goats,n
water_tea,chi
mother's,n
don,v
catched,v
design,n
Tallahassee,n:prop
bzz,on
newscasts,n
party,n
stump,n
peppers,n
seashore,n
style,n
finger's,n
hassy,chi
miles,n
bullet,n
costume,n
pepper's,n
tricked,v
pirate,n
bullets,n
seals,
parties,n
genie,n
boats,v
eighty,det:num
character,n
hiss,n
am,cop
larger,adj
winded,v
mow,on
wanna,mod:aux
nighttime,
gift,n
switch,v
bug,
spice,n
tails,n
glue,v
pumper,n
ahead,adv
slippers,n
lazy,adj
windshield,
dumped,v
backyard,
roller,
bobobobo,on
dolly,n
hazy,adj
azy,wplay
mazie,wplay
cazy,wplay
brought,part
popper,n
strings,n
crazies,n
that'll,pro:rel
Dada's,n:prop
tonic,n
o'thirty,chi
wide,adj
crashed,part
Volkswagen,n:prop
race,v
speaking,part
ta,
mashed,part
blinks,v
Diandra,n:prop
mash,n
farthest,adj
waited,v
scrambled,part
chewed,v
clocks,n
cannon,n
washed,v
sneeze,v
fountain,n
disturbed,v
brake,n
talented,adj
fork_knife,chi
chewing,n:gerund
hat,
stores,n
panjo,chi
scrambled,v
squeezes,v
deedee,chi
tearing,n:gerund
strange,adj
odor,n
smelled,v
drivers',n
bill,wplay
mill,wplay
slides,n
till,wplay
blind,n
supper+time,
falls,n
caterpillar,n
doctor's,n
dancer,n
goup,
splashes,v
stretched,part
tip,n
am,
shoulders,n
spilling,part
Farmer's,n:prop
Brown's,n:prop
marks,n
hatching,part
frying,part
riddles,n
arms,v
crows,v
stab,v
quarter,n
bust,v
United,n:prop
States,n:prop
Jeffrey,n:prop
drops,n
department,n
steam,v
babe,n
blew,v
sugar,
Diandros,n:prop
lady+bug,
Pucilia,n:prop
unicorn's,n
strap,v
smart,v
schools,n
net,n
accordion,n
obey,v
pockets,n
tuk,wplay
ukelele,n
ken,wplay
nut,wplay
funniest,adj
streets,n
Walt,n:prop
Disney,n:prop
rollers,n
fetch,v
Nineday,n:prop
Tensday,n:prop
except,v
visitor,n
windows,n
eyes,v
tumbling,n:gerund
humdinger,n
sore,n
washing,n:gerund
sitter,n
pans,n
heartbeat,
centipede,n
airman,n
mechanical,adj
phonograph,n
car's,n
chews,v
cartoon,n
aspirin,n
full,
bunnies,n
ties,v
forest,n
w,n:let
wedding,part
walrus,n
Adamy,n:prop
wants,
bowl,v
men,
quackers,wplay
since,prep
mothers,n
cuts,n
selves,n
certainly,adv
locking,part
racers,n
Ursler,n:prop
chase,n
pack,v
printed,v
walls,n
packs,v
stall,n
Cheryl,n:prop
boy,
kicks,v
center,n
wider,adj
alphabetter,chi
backed,v
x_ray,n
corners,n
pops,v
cave,n
write,
throwed,v
caves,n
toward,prep
who,
stretching,part
scratching,part
vanilla,n
heavier,adj
heart,n
oopsie,co
ad,n
bum,n
bottom's,n
crosses,n
motorcycle,n
footprints,n
y,n:let
yaks,n
Hector,n:prop
mile,n
stow,v
pup,n
Cynthia,n:prop
giant,adj
helicopter,n
spin,v
alphabets,n
attached,v
mantel,n
Creepy,n:prop
Willy,n:prop
matching,n:gerund
trying to,part prep
Cheryl's,n:prop
Pamela's,n:prop
dash,n
burned,part
cakes,v
army,n
bag's,n
z,n:let
creeps,v
wins,v
here'd,pro:exist
zither,n
model,n
teeny,adj
weenies,n
we've,pro:sub
store,v
smelly,adj
Owl,n:prop
busam,chi
Package,n:prop
salesman,n
trying to,part inf
jeep's,n
fish,
catcher,n
t+square,
important,adj
Billy,n:prop
give,
trapeze,n
finger,
grandmothers,n
and do,coord mod
checking,n:gerund
closely,adv
bicycle,v
pig,
patient,n
gelophone,chi
cuttings,n:gerund
Linda,n:prop
pack,n
doubly,adv
silverware,n
linduck,chi
vase,n
year,n
magnet,n
visitors,n
double,adv
pleasure,n
bleeding,on
Bozo,
pet,n
meal,n
packing,n:gerund
nothing,
wish,n
Peppy's,n:prop
razors,n
Peppies,n:prop
Diandro,n:prop
tiger's,n
mummie,n
signs,n
dividing,n:gerund
edges,n
better,
read,
dividing,part
willy,wplay
spout,n
dilly,wplay
ax,n
Columbus,n:prop
divide,v
glove,
paste,n
gloves,v
busamine,chi
tap,n
cabinet,n
delf,chi
oh_goodness,co
mydelf,chi
cook,
years,n
begin,v
field,n
pair,n
cooked,v
blades,n
Campbell,n:prop
corrections,n
print,n
cages,n
Old_Mac_Donald,n:prop
kings,n
helpful,adj
whale's,n
ourselves,pro:refl
equipment,n
burp,n
drill,n
Beatle,n:prop
hardware,n
Beatle's,n:prop
cabs,n
sound,adj
husband,n
tight,adv
comes,
cherries,n
Beatles,n:prop
browns,v
trick,v
Bandaids,n:prop
Wolf,n:prop
wondering,part
splitting,part
near,adj
worth,adj
stops,v
chief,adj
wobbles,v
curled,part
absolutely,adv
needed,v
Bandaid,n:prop
magic_four,chi
knocking,n:gerund
worth,n
waking,n:gerund
unhappy,adj
unwrap,v
blind,adj
smile,v
pipers,n
Texas,n:prop
blind,v
marker,n
Dudley_Do_Right,n:prop
threads,n
flies,v
Bobby,n:prop
magalons,chi
dotted,part
untie,v
dotted,v
Pinocchio's,n:prop
pouring,part
Crosby's,n:prop
boiling,part
forget,
flipper,n
half,qn
Yankee,n:prop
Doodle,n:prop
measured,v
germ,n
Beanstalk,n:prop
measurer,n
knocks,n
short,adj
there's,
wrapped,v
something,
grand,adj
itsy,adj
beanstalk,
bitsy,adj
stands,n
begins,v
thirsty,adj
spool,n
nearby,adv
cluck,n
just,
carrying,n:gerund
rides,n
enemies,n
specific,adj
Hercules',n:prop
beards,n
tears,v
tears,n
passing,part
look,
Bekaer,n:prop
boil,n
past,adj
several,qn
worker,n
days,n
windy,adj
shaves,v
Paulee,n:prop
Joes,n:prop
compass,n
saves,v
end,v
flypaper,n
developed,part
til,prep
quietly,adv
cluck,on
cleaning,part
needed,part
wrapped,part
emergency,n
papa,n
losing,part
loom,n
smile,n
college,n
red,
Agricultural,n:prop
Technical,n:prop
ad,
College,n:prop
cuts,v
seventeen,det:num
stronger,adj
Cinderella's,n:prop
washed,part
advertising,part
stored,v
prince,n
palace,n
here,
becomes,cop
become,cop
service,n
apartment,n
Grant,n:prop
dragonfly,n
surprises,
motorboat,n
isn't,
grabby,adj
web,n
unis,chi
pistol,n
telephone's,n
chess,n
godmother,
higher,adj
repair,n
winners,n
softly,adv
beginners,n
digestion,n
sweaters,n
bing,on
bones,n
charge,v
checked,part
monster,n
blouses,n
Ursuler,chi
Dragon,n:prop
Head,n:prop
Lead,n:prop
particular,n
dresses,n
Grant's,n:prop
state,n
Cub_Scouts,n:prop
noodles,n
carve,v
sleeve,n
banjos,n
blood,n
Goldilocks',n:prop
dogs,
breaking,n:gerund
mom,n
horns,n
discovers,v
drill,v
bear's,n
fever,n
tasted,v
pneumonia,n
pans,
spices,n
notebooks,n
porridge,n
bottoms,n
people's,n
stomach,n
mommies,n
Baby_Bear's,n:prop
finishing,part
leaning,part
rolled,part
lean,v
checks,n
horsies,n
marking,part
dollars,
return,adj
cup,
barks,n
poo,n
bothering,part
striped,part
muddy,adj
raise,v
scare,v
crows,n
popsicle,n
hand's,n
hears,v
Chris,n:prop
blocked,v
everyone,pro:indef
spire,n
whoa,co
dip,v
falled,v
raises,v
wheat,n
giraffes,n
sword,
beard's,n
flags,n
monkey's,n
hangs,v
hoop,n
snow,v
crash,v
sometimes,
calls,
scorpion,n
things,
flying,n:gerund
Truck,n:prop
reading,on
lands,n
building,part
eyebrows,
thick,adj
market,n
Rumplestilskin,n:prop
trays,n
moustaches,n
exchanging,part
trades,v
thanks,v
stacky,wplay
coming,n:gerund
wacky,wplay
nobody,
Gil's,n:prop
show,
needn't,v
highway,n
blasts,v
Lion,n:prop
land,n
Heart,n:prop
astronaut,n
early,adj
screwer,n
belly,n
Cora,n:prop
Lee,n:prop
baseman,chi
spoil,v
jumping,n:gerund
paints,n
carpenters,n
mostly,adv
bridges,n
between,prep
then,
bets,n
freezing,part
bits,n
visiting,part
hundred,det:num
thermometer,n
bridge,v
jungle,n
damage,n
hide,n
lunchtime,
squeezle,chi
mompsy,chi
scratches,n
in_between,prep
mompster,chi
chowder,n
popsicles,n
jumped,part
beauty,n
instruction,n
salon,n
objects,n
frozen,part
patchet,chi
above,prep
dony,wplay
Washington's,n:prop
harder,adj
troops,n
pile,n
breast,n
tomoni,wplay
perdoni,wplay
taponi,wplay
thread,v
tamoni,wplay
members,n
crashes,n
changing,n:gerund
trying,n:gerund
life,n
Jones,n:prop
light's,n
Marx,n:prop
still,n
Toni,n:prop
strongest,adj
crashing,part
feeding,on
Driver,n:prop
barking,part
Sniffy,n:prop
cardboard,n
Teddy,n:prop
Scrappy,n:prop
Granny,n:prop
spend,v
cat's,n
beetles',n
Philadelphia,n:prop
baton,n
die,n
aw,
call,
myself,
motor's,n
ware,n
butcher,n
built,v
lightning,n
built,part
parking,n:gerund
if,
drink,
Liberty_Bell,n:prop
Boy_Scout,n:prop
guitar,n
Boy_Scouts,n:prop
totem,n
watched,v
keeping,n:gerund
aunts,n
water's,n
death,n
Declarations_of_Independence,n:prop
signed,part
grits,n
busam,
Hans,n:prop
holding,n:gerund
message,n
policemen,
ladybugs,
along,prep
patch,n
drinking,n:gerund
cream,v
Provincetown,n:prop
Ursla's,n:prop
rides,v
drying,part
colored,part
bandaids,n
given,part
spread,n
marshmallow,n
flupper,chi
Worlds_Fair,n:prop
miller,chi
tires,v
meller,chi
deal,n
Flupper_nutter,n:prop
machinery,n
drawed,v
archer,n
oar,n
diver,n
Flupper_nutters,n:prop
examined,part
shaved,v
artist,n
ruined,part
finder,n
cents,n
Arizona,n:prop
steeloscope,chi
other,
boat's,n
where'd,adv:int
blacks,n
Flupper,n:prop
wiping,n:gerund
drip,v
cake's,n
messing,part
intelligent,adj
weeds,n
leaves,n
Dick,n:prop
Tracy,n:prop
bim,wplay
bam,wplay
Echo,n:prop
rainbow,
whole,n
growled,part
growled,v
zooming,part
here,pro:exist
walked,v
sower,chi
stroller,n
whoop,n
meals,n
load,n
fashioned,part
Rin,n:prop
who'd,pro:rel
colors,v
cleaner,n
ranch,n
erase,v
flup,
Rubberband,n:prop
what'll,pro:int
old,
pancakes,n
play+pen,
act,v
cooperative,adj
reeds,n
handles,n
closing,part
splashing,part
Arnold,n:prop
scared,part
rattlesnake,n
bowel,n
movement,n
supper's,n
writer,n
excused,v
shaver,n
that'd,pro:rel
mistakes,n
exciting,part
Common,n:prop
dumped,part
forehead,n
sorts,n
concerned,part
doll's,n
The,n:prop
Barrel,n:prop
Israel,n:prop
tires,
Felix,n:prop
Cat,n:prop
Cub_Scout,n:prop
waa,on
paint's,n
cat,
crayon,v
Utah,n:prop
stripes,n
letting,n:gerund
shows,v
states,n
se,
making,
Holland,n:prop
Michigan,n:prop
retach,chi
rhymes,v
airplane's,n
worried,v
tulips,n
shoulda,mod:aux
held,v
closes,v
held,part
spinner,n
arts,n
festival,n
fingerpaint,
instructions,n
bronze,n
herself,pro:refl
tulip,n
rhymes,n
snowballs,
aside,adv
wave,n
brace,n
Friendly,n:prop
Giant,n:prop
syrup,n
misshapen,adj
story's,n
kangaroos,n
coughing,part
upst,
don't know,mod v
worms,n
cushion,n
fighter,n
taller,adj
secret,n
camels,n
Alexander,n:prop
west,adj
hey_diddle_diddle,co
Flora,n:prop
Pom,n:prop
invention,n
Smokey,n:prop
cape,n
till,n
forests,n
squirm,chi
bunch,n
packages,n
perm,wplay
evening,n
tock,chi
tucked,part
inside,n
knock,
tent,n
share,n
borrows,v
north,adv
lions',n
east,adj
twist,v
south,adj
drilling,part
shared,v
knight,n
airplane,
thrower,n
deep,adj
diving,part
Statue_of_Liberty,n:prop
liberty,n
roads,n
diving,n:gerund
suits,n
stamps,v
pool,n
England,n:prop
ear+ache,
France,n:prop
splash,v
Germany,n:prop
meats,n
necks,n
guys,n
signal,n
cent,n
noone,pro:indef
tightened,part
Italys,n:prop
diddle,v
Leonard,n:prop
draw,
sticking,n:gerund
Zelda,n:prop
Zebra,n:prop
laughed,v
sport,n
guy,n
wolf's,n
grade,n
digging,part
paid,v
sleep,
strikes,n
Italy's,n:prop
disturbing,part
spear,v
knights,n
grocer,n
pill,n
colored,v
scrap,n
birds,
thin,v
rest,
day,
Mr,
thing's,n
meat's,n
stripe,n
engineer,n
wiper,n
scotch,adj
serious,adj
mixed,
inky,adj
bushes,n
scared,v
mustard,n
needa,mod:aux
gun_pen,chi
sweeping,n:gerund
tapes,n
gives,v
noodle,n
circle,v
drawers,n
groups,n
kindergarten,n
trim,v
asleep,adv
tagalong,n
em,
sort,n
boom,v
bulls,n
driller,n
grizzly,n
nursery,
school,
biggest,adj
shoots,n
shoots,v
vaccines,n
this's,pro:dem
kindly,adv
sort,v
umbrella's,n
draws,v
corkscrew,n
circles,n
camp,v
couldn't,
missing,n:gerund
offer,n
Rocky's,n:prop
fashion,n
cereals,n
Bullwinkle,n:prop
out,n
old+fashioned,
turtle's,n
often,adv
rally,n
foot's,n
Diandro's,n:prop
cars,
surprising,part
running,
Diandra's,n:prop
coldest,adj
peace,n
awake,v
nice,
hooray,co
fluff,v
cocoa,n
funnel,n
Beetle,n:prop
goody,co
dirigible,n
operating,part
chasing,part
heading,part
operate,v
drove,n
bikes,n
rich,adj
fashion,
lasso,n
bicycles,v
hint,n
bananas,n
Diandros',n:prop
side,v
slower,adj
stem,n
Ringo,n:prop
doc,n
musketeer,n
god,n
covered,v
Diandros,
older,adj
Danny,n:prop
punched,v
grandmother's,n
certain,adj
South,n:prop
flip,v
bottle,v
port,n
fuzzy,adj
color,
wing,v
drove,v
seek,v
Underdog,n:prop
patient,adj
swims,v
year's,n
guarantee,n
browner,adj
clips,v
lowest,adj
mare,n
funnel,v
covers,v
web's,n
awhile,adv
Krist,n:prop
Kris,n:prop
pin,v
filled,
top,
falling,n:gerund
sailed,v
dots,n
shows,n
present,n
practice,v
biting,part
taping,part
trap,v
Switzerland,n:prop
umbrellas,n
sweet,n
divers,n
turn_arounder,neo
slow,adj
trip,v
almost,
explored,v
look_it,co
locking,
wheels,
powerful,adj
wavy,adj
motor+scooter,
tricky,adj
thinks,
instrument,n
would,
Benson,n:prop
Camp,n:prop
Benson's,n:prop
Animal,n:prop
pages,n
Farm,n:prop
base,n
Silent_Night,n:prop
invite,v
even,adj
Happy_Birthday,n:prop
made,
pox,n
doorway,
an't,chi
tightest,adj
nurses,n
crayoned,neo
slow,adv
hunk,n
frank,adj
spray,v
spraying,part
everybody's,pro:indef
snuggle,v
boys',n
backs,n
silliest,adj
wherever,adv:int
Music,n:prop
naming,part
marbelons,chi
because,
has_to,
bed+room,
cleaning,n:gerund
rinse,n
dog's,n
earth,n
greenery,n
shrubs,n
merry,adj
dessert,
sprinkling,part
blaster,n
merry's,chi
animals',n
wrist,n
correct,adj
answered,v
rested,part
invited,v
mocks,v
andrews,chi
lined,v
getting,aux
points,v
pretty,
prettier,adj
cave,v
pills,n
skins,n
worm's,n
ferris,n
sticked,v
teaches,v
elegant,adj
clothing,n
undoing,n:gerund
uses,n
supply,n
roller+coaster,
pterodactyl,n
somewhat,adv
untear,v
sharp,
depressor,n
carnival,n
untie,
undo,v
place,v
liquid,n
rash,n
rash,adj
Robins,n:prop
elf,n
Nash,n:prop
pretending,n:gerund
lands,v
wait'll,co
train_go_round,chi
digger,n
grinder,n
grinds,v
grain,n
poisony,adj
babies,v
strength,n
waterfall,n
grained,chi
grainer,chi
oranges,n
written,part
shorter,adj
watermelons,
grapes,n
viewer,n
editor,n
club,n
dr,
salty,adj
every,
people,
rescue,v
grind,v
cost,v
geese,n
guessed,v
worry,v
curtains,n
result,n
Abbott,n:prop
Costello,n:prop
dip,n
Sally,n:prop
touches,v
stated,v
breathe,v
bomb,n
invisible,adj
visible,adj
tricking,part
talked,v
shortly,adv
undershirt,n
forward,adv
hide,
Popeye's,n:prop
spinach,n
grows,v
sense,n
hopping,n:gerund
huge,adj
frost,n
thin,adj
collected,v
bowing,n:gerund
feather,v
brain,n
pumps,v
floors,n
Pepsi_Cola,n:prop
stirring,part
changes,v
Olive,n:prop
rewind,v
colder,adj
backward,adv
plus,adv
window's,n
add,v
killer,n
less,adj
helpers,n
three,
hands,
lighter,adj
lighter,n
spook,n
dinosaur's,n
Diandras,n:prop
toothpicks,n
felt,v
musical,n
louder,adj
recognizable,adj
cartoons,n
ooo,on
sailor,n
poop,n
dinosaurs,n
taste,
puffer,chi
wale,chi
clowns,v
pepper,v
fills,v
smoked,v
marry,v
Cow,n:prop
twin's,n
hiding,n:gerund
rooftop,n
comedy,n
gosh,co
talking,n:gerund
marrying,part
dreamed,v
glamour,n
wipes,v
dodge,n
telescopes,n
filled,v
cleaners,n
group,n
unwound,v
Maypo,n:prop
And,n:prop
springtime,
racer,n
prettiest,adj
caps,n
splinters,n
hum,n
might,n
untied,part
hook,v
unscrew,n
brains,n
cold_fashion,chi
wicked,adj
Lion_the_Lionheart,n:prop
dodging,part
glasses,
stick,
footprint,n
sides,n
brave,adj
brave,meta
barns,n
starfish,n
fruits,n
ticket,n
tickets,n
date,n
February,n:prop
mine,
hitters,n
wizzy,chi
Reggie,n:prop
pump,n
fifteen,det:num
badly,adv
twin,n
wondered,part
unplug,v
hallelujah,co
current,n
had,
neat,adj
twins,n
doesn't,
buds,n
rosebud,n
bunk,n
rosebuds,n
tallest,adj
antenna,n
paper,
cranky,adj
trade,v
small,
nature,n
sure,co
double,n
double,adj
face,
types,n
graduating,part
robe,n
darker,adj
peacock,n
freesof,chi
blue+jay,
blue+jays,
bends,n
oops_a_daisy,co
borrow,v
stair,n
opening,n:gerund
starting,part
fill,chi
can't_tell_boy,chi
tell_boy,chi
robot,n
print,v
outline,n
Callie,chi
Pee_pee,n:prop
all,
bananjo,wplay
scarf,n
races,n
sneezy,adj
lonesome,adj
Wig,chi
slept,v
snappers,n
after,
baby+sitter,
Daisy,n:prop
telling,n:gerund
peculiar,adj
universal,adj
aim,n
cover_bag,chi
Callies,chi
Betty,n:prop
Martin,n:prop
Tippy,n:prop
Toe,n:prop
collie,n
learned,v
running,n:gerund
galloping,part
score,n
weren't,
Mexican,n:prop
submarine,n
submarine,adj
Prudential,n:prop
Tower,n:prop
Ursuler,n:prop
seventy,det:num
jumpity,chi
underneath,prep
jets,n
stranger,n
motors,n
shot,
score,v
war,n
badge,n
unbuckles,n
chained,v
sliding_stairs,chi
bracelets,n
loop,n
unchaining,n:gerund
chaining,n:gerund
base,
target,n
darts,v
escalators,n
actor,n
promise,v
escalator,n
admirer,n
striped,v
hand_buckler,chi
answered,part
cafe,n
cafe's,n
aiming,part
record_phone,chi
snowball,
misses,v
rodger,chi
reaching,n:gerund
yessir,co
William,n:prop
Greenwich,n:prop
promise,n
sufficient,adj
plunger,n
model,adj
surely,adv
mode,n
trimp,chi
trim,n
shrimp,n
chained,part
weight,n
bombs,n
bombs,v
bombing,part
bang,v
Rodger,n:prop
tuck,v
stubborn,adj
buys,v
ticolary,chi
strung,v
James,n:prop
